Name,Group,Trilha,Status,Priority,Estimate (d),Sprint,Depends on,Blocked by,Module,Requirements,Docs
"NR-001 — Workspace pnpm + Turborepo, Docker Compose local, CI, hooks, ESLint",Sprint 0 — Fundação,Trilha 2 — Plataforma & Integracoes,Done,Medium,3,Sprint 0,,,repo infra,,docs/processo/task-ledger.md
"NR-002 — Base de documentação: produto, arquitetura, engenharia, decisões",Sprint 0 — Fundação,Compartilhada,Done,Medium,4,Sprint 0,,,docs,,docs/processo/task-ledger.md
"NR-003 — packages/money — centavos, allocate sem perda de resto, 21 testes",Sprint 0 — Fundação,Trilha 1 — Nucleo & Dados,Done,Medium,1,Sprint 0,,,money,,docs/processo/task-ledger.md
"NR-004 — domain: cálculo de venda — custo, imposto, tarifa de cartão, parcelas",Sprint 1 — Núcleo mínimo,Trilha 1 — Nucleo & Dados,Done,Medium,3,Sprint 1,NR-003,,domain,"RF-040, RF-041, RF-038",docs/processo/task-ledger.md
"NR-005 — contracts: schemas base (Company, Customer, Product, Sale)",Sprint 1 — Núcleo mínimo,Trilha 1 — Nucleo & Dados,Done,Medium,2,Sprint 1,NR-003,,contracts,RNF-027,docs/processo/task-ledger.md
NR-006 — Configuração tipada: validar variáveis de ambiente na inicialização,Sprint 1 — Núcleo mínimo,Trilha 2 — Plataforma & Integracoes,Done,Medium,1,Sprint 1,NR-001,,repo,—,docs/processo/task-ledger.md
"NR-007 — db: estratégia multi-tenant, RLS e teste de isolamento",Sprint 1 — Núcleo mínimo,Trilha 1 — Nucleo & Dados,Done,Medium,3,Sprint 1,NR-005,,db,"RF-121, RF-122, RNF-021",docs/processo/task-ledger.md
"NR-008 — db: schema de cadastros (companies, users, customers, products)",Sprint 1 — Núcleo mínimo,Trilha 1 — Nucleo & Dados,Done,Medium,2,Sprint 1,NR-007,,db,"RF-001, RF-009, RF-017",docs/processo/task-ledger.md
"NR-009 — api: base — contexto de execução, erro padronizado, validação por contracts",Sprint 1 — Núcleo mínimo,Trilha 2 — Plataforma & Integracoes,Done,Medium,2,Sprint 1,NR-005,,api,"RNF-027, RNF-054",docs/processo/task-ledger.md
NR-010 — Qualidade: lint com type-checking e piso de cobertura na CI,Sprint 1 — Núcleo mínimo,Trilha 2 — Plataforma & Integracoes,Done,Medium,1,Sprint 1,NR-001,,repo,RNF-068,docs/processo/task-ledger.md
"NR-011 — ui: tokens de design (cor, tipografia, espaçamento)",Sprint 1 — Núcleo mínimo,Trilha 3 — Clientes,Done,High,2,Sprint 1,,DEC-001/QST-011,ui,RNF-055,docs/processo/task-ledger.md
NR-012 — mobile: shell de navegação e sessão,Sprint 1 — Núcleo mínimo,Trilha 3 — Clientes,Done,High,3,Sprint 1,NR-011,DEC-008,mobile,US-059,docs/processo/task-ledger.md
NR-013 — web: shell de layout e sessão,Sprint 1 — Núcleo mínimo,Trilha 3 — Clientes,Done,Medium,2,Sprint 1,NR-011,,web,US-059,docs/processo/task-ledger.md
"NR-014 — Autenticação: login, papéis, usuário em várias empresas",Sprint 1 — Núcleo mínimo,Trilha 2 — Plataforma & Integracoes,Done,Medium,5,Sprint 1,NR-009,,api core db,"RF-119, RF-120, RF-005",docs/processo/task-ledger.md
NR-015 — infra: definir hospedagem e preencher os workflows de deploy,Sprint 1 — Núcleo mínimo,Trilha 2 — Plataforma & Integracoes,Blocked,High,3,Sprint 1,,DEC-009,infra,"RNF-064, RNF-013",docs/processo/task-ledger.md
NR-020 — db: schema de vendas e financeiro,Sprint 2 — Cadastros e venda,Trilha 1 — Nucleo & Dados,Done,Medium,3,Sprint 2,NR-008,,db,"RF-027–044, RF-063",docs/processo/task-ledger.md
"NR-021 — core: casos de uso de cadastro (empresa, cliente, produto)",Sprint 2 — Cadastros e venda,Trilha 1 — Nucleo & Dados,Done,Medium,3,Sprint 2,NR-008,,core,RF-001–019,docs/processo/task-ledger.md
"NR-022 — core: registerSale — transação única com estoque, recebível e auditoria",Sprint 2 — Cadastros e venda,Trilha 1 — Nucleo & Dados,Done,Medium,4,Sprint 2,"NR-020, NR-004",,core,"RF-034–039, RNF-046",docs/processo/task-ledger.md
NR-023 — core: movimentação de estoque e ajuste com autoria,Sprint 2 — Cadastros e venda,Trilha 1 — Nucleo & Dados,Done,Medium,2,Sprint 2,NR-021,,core,RF-022–024,docs/processo/task-ledger.md
"NR-024 — domain: desconto, limite por papel, troco",Sprint 2 — Cadastros e venda,Trilha 1 — Nucleo & Dados,Done,Medium,2,Sprint 2,NR-004,,domain,"RF-030, RF-031, RF-035",docs/processo/task-ledger.md
NR-025 — core: trilha de auditoria somente-inserção,Sprint 2 — Cadastros e venda,Trilha 1 — Nucleo & Dados,Done,Medium,2,Sprint 2,NR-020,,core,"RF-123, RF-124",docs/processo/task-ledger.md
NR-026 — api: rotas de cadastro,Sprint 2 — Cadastros e venda,Trilha 2 — Plataforma & Integracoes,Done,Medium,2,Sprint 2,"NR-021, NR-009",,api,RF-001–019,docs/processo/task-ledger.md
NR-027 — api: rota de venda com chave de idempotência,Sprint 2 — Cadastros e venda,Trilha 2 — Plataforma & Integracoes,Done,Medium,2,Sprint 2,NR-022,,api,"RF-036, RNF-043",docs/processo/task-ledger.md
"NR-030 — api: observabilidade — requestId, log estruturado, rastreamento",Sprint 2 — Cadastros e venda,Trilha 2 — Plataforma & Integracoes,Done,Medium,2,Sprint 2,NR-009,,api worker,"RNF-058, RNF-059",docs/processo/task-ledger.md
NR-070 — mobile: cadastro de produto com leitor de código de barras,Sprint 2 — Cadastros e venda,Trilha 3 — Clientes,Done,Medium,3,Sprint 2,NR-026,,mobile,"US-009, RF-017",docs/processo/task-ledger.md
"NR-071 — mobile: carrinho, seleção de cliente e fechamento de venda",Sprint 2 — Cadastros e venda,Trilha 3 — Clientes,Done,Medium,5,Sprint 2,NR-027,,mobile,US-014–019,docs/processo/task-ledger.md
NR-072 — web: backoffice de cadastros,Sprint 2 — Cadastros e venda,Trilha 3 — Clientes,Done,Medium,3,Sprint 2,NR-026,,web,"E1, E2, E3",docs/processo/task-ledger.md
"NR-028 — core: contas a pagar e a receber, com recorrência",Sprint 3 — Fiscal e financeiro,Trilha 1 — Nucleo & Dados,Done,Medium,3,Sprint 3,NR-020,,core,RF-055–067,docs/processo/task-ledger.md
"NR-029 — core: baixa, baixa parcial e estorno",Sprint 3 — Fiscal e financeiro,Trilha 1 — Nucleo & Dados,Done,Medium,2,Sprint 3,NR-028,,core,"RF-059, RF-066, RF-067",docs/processo/task-ledger.md
NR-040 — fiscal: porta InvoiceIssuer + adapter falso,Sprint 3 — Fiscal e financeiro,Trilha 2 — Plataforma & Integracoes,Done,Medium,2,Sprint 3,NR-005,,fiscal core,RF-045,docs/processo/task-ledger.md
"NR-041 — worker: consumidores de fila (emissão, mensagem, cobrança)",Sprint 3 — Fiscal e financeiro,Trilha 2 — Plataforma & Integracoes,Done,Medium,3,Sprint 3,NR-040,,worker,"RNF-004, RF-130",docs/processo/task-ledger.md
"NR-042 — fiscal: adapter real, contingência e guarda de XML",Sprint 3 — Fiscal e financeiro,Trilha 2 — Plataforma & Integracoes,Done,Medium,5,Sprint 3,NR-040,,fiscal,RF-045–054,docs/processo/task-ledger.md
NR-043 — payments: porta PaymentGateway + adapter falso,Sprint 3 — Fiscal e financeiro,Trilha 2 — Plataforma & Integracoes,Done,Medium,2,Sprint 3,NR-005,,payments core,RF-063,docs/processo/task-ledger.md
"NR-044 — payments: adapter PagMaxx — Pix, link de pagamento, webhook com HMAC",Sprint 3 — Fiscal e financeiro,Trilha 2 — Plataforma & Integracoes,Blocked,High,4,Sprint 3,NR-043,"DEC-006, DEC-015",payments,"RF-034, RF-068",docs/processo/task-ledger.md
"NR-073 — mobile: pagamento, resumo com líquido e margem",Sprint 3 — Fiscal e financeiro,Trilha 3 — Clientes,Done,Medium,3,Sprint 3,NR-071,,mobile,US-018–020,docs/processo/task-ledger.md
NR-074 — web: contas a pagar e a receber,Sprint 3 — Fiscal e financeiro,Trilha 3 — Clientes,Done,Medium,4,Sprint 3,NR-029,,web,"E6, E7",docs/processo/task-ledger.md
"NR-081 — Baixa e estorno de título ligados de verdade, no web e no mobile",Sprint 3 — Fiscal e financeiro,Trilha 3 — Clientes,Done,Medium,3,Sprint 3,NR-074,,web mobile,"RF-059, RF-066, RF-067",docs/processo/task-ledger.md
NR-031 — core: exportação completa e anonimização (LGPD),Sprint 4 — WhatsApp e assinatura,Trilha 1 — Nucleo & Dados,Done,Medium,3,Sprint 4,NR-028,,core,RF-125–128,docs/processo/task-ledger.md
NR-045 — whatsapp: porta MessageSender + adapter falso,Sprint 4 — WhatsApp e assinatura,Trilha 2 — Plataforma & Integracoes,Done,Medium,2,Sprint 4,NR-005,,whatsapp core,RF-015,docs/processo/task-ledger.md
"NR-046 — whatsapp: adapter real, webhook e consentimento",Sprint 4 — WhatsApp e assinatura,Trilha 2 — Plataforma & Integracoes,Blocked,High,4,Sprint 4,NR-045,DEC-003,whatsapp,"RF-016, RF-094, RF-095",docs/processo/task-ledger.md
NR-060 — agent: runtime com tools geradas de contracts,Sprint 4 — WhatsApp e assinatura,Trilha 2 — Plataforma & Integracoes,Blocked,High,5,Sprint 4,"NR-046, NR-005",DEC-007,agent,"RF-096–102, 108, 109",docs/processo/task-ledger.md
"NR-061 — agent: confirmação de ação sensível, com expiração",Sprint 4 — WhatsApp e assinatura,Trilha 2 — Plataforma & Integracoes,Blocked,High,2,Sprint 4,NR-060,NR-060 → DEC-007,agent,"RF-103, RF-104",docs/processo/task-ledger.md
NR-062 — agent: contexto de conversa isolado por empresa,Sprint 4 — WhatsApp e assinatura,Trilha 2 — Plataforma & Integracoes,Blocked,High,3,Sprint 4,NR-060,DEC-011,agent,"RF-105, RF-106",docs/processo/task-ledger.md
"NR-063 — billing: assinatura, trial, inadimplência e estado restrito",Sprint 4 — WhatsApp e assinatura,Trilha 2 — Plataforma & Integracoes,Blocked,High,4,Sprint 4,NR-044,DEC-010,billing,RF-110–118,docs/processo/task-ledger.md
"NR-075 — web: planos, assinatura e cupom",Sprint 4 — WhatsApp e assinatura,Trilha 3 — Clientes,Blocked,High,3,Sprint 4,NR-063,DEC-012,web,E12,docs/processo/task-ledger.md
"NR-032 — core: plano de contas, classificação e DRE simplificado",Sprint 5 — Bancos e relatórios,Trilha 1 — Nucleo & Dados,Done,Medium,4,Sprint 5,NR-028,,core,RF-081–088,docs/processo/task-ledger.md
NR-033 — core: conciliação com sugestão por valor e data,Sprint 5 — Bancos e relatórios,Trilha 1 — Nucleo & Dados,Done,Medium,3,Sprint 5,NR-032,,core,RF-078–080,docs/processo/task-ledger.md
NR-047 — banking: importação de OFX/CSV,Sprint 5 — Bancos e relatórios,Trilha 2 — Plataforma & Integracoes,Done,Medium,3,Sprint 5,NR-033,,banking,"RF-076, RF-077",docs/processo/task-ledger.md
NR-048 — banking: Open Finance,Sprint 5 — Bancos e relatórios,Trilha 2 — Plataforma & Integracoes,Blocked,High,4,Sprint 5,NR-047,DEC-005,banking,"RF-074, RF-075",docs/processo/task-ledger.md
NR-076 — web: conciliação bancária,Sprint 5 — Bancos e relatórios,Trilha 3 — Clientes,Done,Medium,3,Sprint 5,NR-033,,web,US-038,docs/processo/task-ledger.md
"NR-077 — Relatórios: DRE, ranking e faturamento, no app e no assistente",Sprint 5 — Bancos e relatórios,Trilha 3 — Clientes,Done,Medium,4,Sprint 5,NR-032,,web mobile,"US-041, US-053",docs/processo/task-ledger.md
NR-016 — CHANGELOG gerado dos commits + processo de release,Backlog,Trilha 2 — Plataforma & Integracoes,Done,Low,1,Backlog,,,repo,—,docs/processo/task-ledger.md
NR-034 — core: agenda e lembretes,Backlog,Trilha 1 — Nucleo & Dados,Done,Low,2,Backlog,,,core,RF-089–093,docs/processo/task-ledger.md
NR-035 — db: schema de agenda (appointments),Backlog,Trilha 1 — Nucleo & Dados,Done,Low,1,Backlog,NR-008,,db,"RF-089, RF-090",docs/processo/task-ledger.md
NR-036 — api: rotas de agenda,Backlog,Trilha 2 — Plataforma & Integracoes,Done,Low,1,Backlog,NR-035,,api,RF-089–093,docs/processo/task-ledger.md
NR-037 — db: repositórios da venda e trilha de estoque,Backlog,Trilha 1 — Nucleo & Dados,Done,Low,2,Backlog,NR-020,,db,"RF-024, RNF-046",docs/processo/task-ledger.md
NR-049 — E2E do caminho crítico (3 fluxos),Backlog,Trilha 2 — Plataforma & Integracoes,Blocked,Low,3,Backlog,NR-071,"DEC-003, DEC-006",repo,RNF-068,docs/processo/task-ledger.md
NR-078 — mobile: agenda,Backlog,Trilha 3 — Clientes,Done,Low,2,Backlog,NR-036,,mobile,US-043–045,docs/processo/task-ledger.md
NR-079 — web: conteúdo real da landing,Backlog,Trilha 3 — Clientes,Done,Low,1,Backlog,,,web,—,docs/processo/task-ledger.md
"NR-080 — Suporte: schema, casos de uso, rotas e web",Backlog,Trilha 1 — Nucleo & Dados,Done,Low,3,Backlog,NR-008,,db core api web,US-062,docs/processo/task-ledger.md
NR-082 — mobile: suporte,Backlog,Trilha 3 — Clientes,Done,Low,2,Backlog,NR-080,,mobile,US-062,docs/processo/task-ledger.md
"NR-083 — Sessão persistente e revogável, e desaceleração no banco",Backlog,Trilha 1 — Nucleo & Dados,Done,Low,3,Backlog,NR-014,,db core api,"RF-119, RF-120",docs/processo/task-ledger.md
"NR-084 — Better Auth como provedor de identidade, em schema próprio",Backlog,Trilha 2 — Plataforma & Integracoes,Done,Low,3,Backlog,NR-083,,api db,"RF-005, RF-119, RF-120",docs/processo/task-ledger.md
